Dose,yhat_mean,yhat_SD,d
0.0,4.49490312993928,1.0111193634370792,0.0
0.05,4.49490312993928,1.0111193634370792,0.0
0.1,4.49490312993928,1.0111193634370792,0.0
0.15,4.49490312993928,1.0111193634370792,0.0
0.2,4.49490312993928,1.0111193634370792,0.0
0.25,4.49490312993928,1.0111193634370792,0.0
0.3,4.49490312993928,1.0111193634370792,0.0
0.35,4.494888308614093,1.011103331994721,1.4821325186709089e-5
0.4,4.494861496181943,1.011089900852113,4.1633757336789756e-5
0.45,4.494797800016076,1.011068141317099,0.00010532992320388956
0.5,4.494666200977188,1.0110218984021417,0.00023692896209137615
0.55,4.494475170021512,1.010971372998391,0.00042795991776767295
0.6,4.494108530656552,1.0109719537036304,0.000794599282727404
0.65,4.493369555099078,1.0110496491897627,0.001533574840201446
0.7,4.491977758841843,1.011102444922044,0.0029253710974366243
0.75,4.489642009502888,1.0112581310882092,0.0052611204363914865
0.8,4.485735825518964,1.0113370198896061,0.009167304420315325
0.85,4.479778592283606,1.0115774564535034,0.015124537655673898
0.9,4.470986361668175,1.0118382231149903,0.02391676827110434
0.95,4.458851873582178,1.012508956202605,0.03605125635710138
1.0,4.441922068584911,1.0134117317503264,0.05298106135436864
1.05,4.418730375336298,1.0145164471435326,0.07617275460298156
1.1,4.38826424330473,1.015770945437464,0.10663888663455001
1.15,4.3493276839109365,1.0170135078598714,0.14557544602834316
1.2,4.3014288213659375,1.0181946569670286,0.19347430857334214
1.25,4.244446023342361,1.0188197305559692,0.2504571065969188
1.3,4.1791300254051995,1.0188127814020163,0.31577310453408014
1.35,4.104920967240415,1.0167123965284928,0.3899821626988649
1.4,4.022535551436075,1.0120576504307712,0.47236757850320465
1.45,3.933857297679654,1.0044988418957304,0.5610458322596257
1.5,3.840445128873986,0.9943842836735736,0.6544580010652936
1.55,3.7437855942700704,0.9813695762404998,0.7511175356692092
1.6,3.644670880213354,0.9647851338262681,0.8502322497259258
1.65,3.544743674675538,0.9462241904458305,0.9501594552637416
1.7,3.4447419376948973,0.9254598913696431,1.0501611922443823
1.75,3.345552669886843,0.9030168446877692,1.1493504600524367
1.8,3.2479929850719844,0.8797927842290411,1.2469101448672952
1.85,3.152405036879124,0.8561595462793006,1.3424980930601556
1.9,3.0590842709445685,0.8323649359570782,1.4358188589947112
1.95,2.9681884613814873,0.8085740874183772,1.5267146685577924
2.0,2.8797693166209135,0.7850053919279188,1.6151338133183661
2.05,2.7938555572501835,0.7618489266412778,1.7010475726890961
2.1,2.7104430330070186,0.7391943546365929,1.784460096932261
2.15,2.6295028072864333,0.7171583572628092,1.8654003226528464
2.2,2.5509590486532514,0.6957375433281943,1.9439440812860282
2.25,2.4747585927702516,0.6749549603994266,2.020144537169028
2.3,2.4008343433515793,0.6547931801818724,2.0940687865877003
2.35,2.3291183071574517,0.6352336584932433,2.165784822781828
2.4,2.2595445219943633,0.6162584050900319,2.2353586079449164
2.45,2.1920489960450915,0.5978499671206405,2.302854133894188
2.5,2.126569649011006,0.5799914130727895,2.3683334809282734
2.55,2.0630462550125266,0.5626663172004336,2.431856874926753
2.6,2.0014203871952185,0.5458587444158696,2.493482742744061
2.65,1.941635363990585,0.5295532356331354,2.5532677659486946
2.7,1.8836361969821036,0.5137347935492195,2.611266932957176
2.75,1.8273695403285863,0.49838886885000644,2.6675335896106933
2.8,1.772783641698321,0.48350134682826623,2.722119488240959
2.85,1.7198282946688757,0.4690585344013834,2.775074835270404
2.9,1.6684547925487858,0.45504714751688335,2.826448337390494
2.95,1.6186158835786424,0.4414542989341704,2.8762872463606373
3.0,1.570265727470385,0.4282674863712431,2.9246374024688944
3.05,1.5233598532448214,0.4154745810054813,2.971543276694458
3.1,1.4778551183285953,0.40306381631792965,3.0170480116106844
3.15,1.4337096688729813,0.39102377727081816,3.0611934610662983
3.2,1.3908829012580084,0.3793433898083618,3.1040202286812715
3.25,1.3493354247465046,0.3680119106711879,3.145567705192775
3.3,1.3090290252537151,0.3570189175150167,3.1858741046855643
3.35,1.2699266301991674,0.3463542993245122,3.2249764997401122
3.4,1.23199227440846,0.3360082471134827,3.2629108555308197
3.45,1.195191067033602,0.3259712449028779,3.2997120629056775
3.5,1.1594891594614947,0.3162340609682861,3.335413970477785
3.55,1.1248537141810202,0.30678773934887893,3.3700494157582597
3.6,1.0912528745801136,0.29762359160999563,3.403650255359166
3.65,1.058655735645038,0.2887331888517897,3.4362473942942415
3.7,1.027032315534906,0.2801083539565866,3.4678708144043737
3.75,0.9963535280053104,0.2717411540678244,3.498549601933969
3.8,0.9665911556556949,0.263623893293657,3.528311974283585
3.85,0.9377178239758607,0.25574910562851066,3.557185305963419
3.9,0.90970697616774,0.24810954808608346,3.5851961537715398
3.95,0.8825328487192715,0.24069819403746953,3.612370281220008
4.0,0.856170447707921,0.2335082267482836,3.6387326822313586
4.05,0.830595525812041,0.22653303310883893,3.664307604127239
4.1,0.8057845600089362,0.21976619755161375,3.6891185699303435
4.15,0.781714729939112,0.21320149615041034,3.713188400000168
4.2,0.7583638969168164,0.20683289089578044,3.736539233022463
4.25,0.7357105835675576,0.20065452414145024,3.759192546371722
4.3,0.7137339540738806,0.19466071321663864,3.781169175865399
4.35,0.692413795011226,0.18884594519931253,3.8024893349280537
4.4,0.6717304967562464,0.18320487184557097,3.823172633183033
4.45,0.6516650354504829,0.1777323046704965,3.8432380944887967
4.5,0.6321989555028046,0.1724232101759463,3.862704174436475
4.55,0.613314352614529,0.16727270522089668,3.8815887773247506
4.6,0.594993857311601,0.16227605253008062,3.8999092726276787
4.65,0.5772206189686864,0.1574286563367885,3.917682510970593
4.7,0.5599782903104894,0.15272605815582413,3.93492483962879
4.75,0.5432510123760321,0.14816393268272757,3.9516521175632473
4.8,0.5270233999320734,0.14373808381549374,3.967879730007206
4.85,0.5112805273222469,0.1394444407951278,3.9836226026170327
4.9,0.4960079147389032,0.1352790544614865,3.9988952152003763
4.95,0.48119151490503126,0.13123809362096323,4.013711615034248
5.0,0.4668177001540057,0.12731784152267386,4.028085429785274
